/*
Navicat MySQL Data Transfer

Source Server         : localhost_3306
Source Server Version : 50625
Source Host           : localhost:3306
Source Database       : springcloud_sell

Target Server Type    : MYSQL
Target Server Version : 50625
File Encoding         : 65001

Date: 2018-11-13 14:32:53
*/

SET FOREIGN_KEY_CHECKS=0;

-- ----------------------------
-- Table structure for `mq_broker_message_log`
-- ----------------------------
DROP TABLE IF EXISTS `mq_broker_message_log`;
CREATE TABLE `mq_broker_message_log` (
  `message_id` varchar(128) NOT NULL DEFAULT '' COMMENT '消息唯一ID',
  `message` varchar(4000) DEFAULT NULL COMMENT '消息内容  是json格式的其他实体类',
  `try_count` int(4) DEFAULT '0' COMMENT '重复次数',
  `status` varchar(10) DEFAULT '' COMMENT '消息投递状态  0 投递中 1投递成功 2 投递失败',
  `next_retry` timestamp NULL DEFAULT '0000-00-00 00:00:00' ON UPDATE CURRENT_TIMESTAMP COMMENT '下一次重试时间',
  `create_time` timestamp NULL DEFAULT '0000-00-00 00:00:00' COMMENT '创建时间',
  `update_time` timestamp NULL DEFAULT '0000-00-00 00:00:00' ON UPDATE CURRENT_TIMESTAMP COMMENT ' 更新时间',
  PRIMARY KEY (`message_id`)
) ENGINE=InnoDB DEFAULT CHARSET=utf8;

-- ----------------------------
-- Records of mq_broker_message_log
-- ----------------------------
INSERT INTO `mq_broker_message_log` VALUES ('1541131400066$ef269e15-b28b-4e0c-9177-3f946dd3a1e5', '{\r\n  \"id\" : \"2018080400000002\",\r\n  \"name\" : \"测试创建订单\",\r\n  \"messageId\" : \"1541131400066$ef269e15-b28b-4e0c-9177-3f946dd3a1e5\"\r\n}', '3', '2', '2018-11-02 12:04:56', '2018-11-02 12:04:56', '2018-11-02 12:04:57');
INSERT INTO `mq_broker_message_log` VALUES ('1541136882495$7ef1db3b-bf8d-40bd-8497-aeed3fac77f4', '{\r\n  \"id\" : \"2018110200000002\",\r\n  \"name\" : \"测试创建订单\",\r\n  \"messageId\" : \"1541136882495$7ef1db3b-bf8d-40bd-8497-aeed3fac77f4\"\r\n}', '0', '1', '2018-11-02 13:34:43', '2018-11-02 13:34:43', '2018-11-02 13:34:44');
INSERT INTO `mq_broker_message_log` VALUES ('1541137534826$de5dff02-647c-4223-8661-7aff71f7433d', '{\r\n  \"id\" : \"2018110200000012\",\r\n  \"name\" : \"测试创建订单\",\r\n  \"messageId\" : \"1541137534826$de5dff02-647c-4223-8661-7aff71f7433d\"\r\n}', '0', '1', '2018-11-02 13:45:35', '2018-11-02 13:45:35', '2018-11-02 13:45:36');
INSERT INTO `mq_broker_message_log` VALUES ('1541138201830$3f3e2c2d-e140-405a-8a5f-ab92dd8ce349', '{\r\n  \"id\" : \"2018110200000777\",\r\n  \"name\" : \"测试创建订单\",\r\n  \"messageId\" : \"1541138201830$3f3e2c2d-e140-405a-8a5f-ab92dd8ce349\"\r\n}', '0', '1', '2018-11-02 13:56:42', '2018-11-02 13:56:42', '2018-11-02 13:56:43');
INSERT INTO `mq_broker_message_log` VALUES ('1541140254497$9e261837-8118-4491-a38f-daef9fd076be', '{\r\n  \"id\" : \"2018110200000007\",\r\n  \"name\" : \"测试创建订单\",\r\n  \"messageId\" : \"1541140254497$9e261837-8118-4491-a38f-daef9fd076be\"\r\n}', '0', '1', '2018-11-02 14:30:55', '2018-11-02 14:30:55', '2018-11-02 14:30:56');
INSERT INTO `mq_broker_message_log` VALUES ('1541140527538$a8a27890-0458-4dc0-a8f3-8bd59fa3d48f', '{\r\n  \"id\" : \"2018110200000008\",\r\n  \"name\" : \"测试创建订单\",\r\n  \"messageId\" : \"1541140527538$a8a27890-0458-4dc0-a8f3-8bd59fa3d48f\"\r\n}', '0', '1', '2018-11-02 14:35:28', '2018-11-02 14:35:28', '2018-11-02 14:35:28');
INSERT INTO `mq_broker_message_log` VALUES ('1541141783591$9a65002e-30c1-428c-8d19-955db8a6795c', '{\r\n  \"id\" : \" 2018-11-02 425\",\r\n  \"name\" : \"测试创建订单\",\r\n  \"messageId\" : \"1541141783591$9a65002e-30c1-428c-8d19-955db8a6795c\"\r\n}', '0', '1', '2018-11-02 14:56:23', '2018-11-02 14:56:23', '2018-11-02 14:56:24');
INSERT INTO `mq_broker_message_log` VALUES ('1541143412269$332b1b42-a87b-4719-95ff-8d701d0a69b9', '{\"id\":\"2018-11-021606\",\"messageId\":\"1541143412269$332b1b42-a87b-4719-95ff-8d701d0a69b9\",\"name\":\"测试创建订单\"}', '0', '1', '2018-11-02 15:23:32', '2018-11-02 15:23:32', '2018-11-02 15:23:33');
INSERT INTO `mq_broker_message_log` VALUES ('1541143542591$b31297f3-6083-427e-abf8-a896900cb931', '{\"id\":\"2018-11-021314\",\"messageId\":\"1541143542591$b31297f3-6083-427e-abf8-a896900cb931\",\"name\":\"测试创建订单\"}', '0', '1', '2018-11-02 15:25:42', '2018-11-02 15:25:42', '2018-11-02 15:25:43');
INSERT INTO `mq_broker_message_log` VALUES ('1541143790262$3b821ffe-05f4-475a-a380-a0a4d89fc00d', '{\"id\":\"2018-11-029590\",\"messageId\":\"1541143790262$3b821ffe-05f4-475a-a380-a0a4d89fc00d\",\"name\":\"测试创建订单\"}', '0', '1', '2018-11-02 15:29:50', '2018-11-02 15:29:50', '2018-11-02 15:29:50');
INSERT INTO `mq_broker_message_log` VALUES ('1541143913934$16e05110-d0c1-4ac5-b666-944d4637d3e1', '{\"id\":\"2018-11-021456\",\"messageId\":\"1541143913934$16e05110-d0c1-4ac5-b666-944d4637d3e1\",\"name\":\"测试创建订单\"}', '3', '2', '2018-11-02 15:33:30', '2018-11-02 15:33:30', '2018-11-02 15:33:31');
INSERT INTO `mq_broker_message_log` VALUES ('1541143941577$80b1a7a6-a405-463b-8dab-c64e0fb70608', '{\"id\":\"2018-11-023658\",\"messageId\":\"1541143941577$80b1a7a6-a405-463b-8dab-c64e0fb70608\",\"name\":\"测试创建订单\"}', '3', '2', '2018-11-02 15:34:00', '2018-11-02 15:34:00', '2018-11-02 15:34:01');
INSERT INTO `mq_broker_message_log` VALUES ('1541145251181$168b2c44-ccb0-46d9-95b4-980291fb1e78', '{\"id\":\"2018-11-027014\",\"messageId\":\"1541145251181$168b2c44-ccb0-46d9-95b4-980291fb1e78\",\"name\":\"测试创建订单\"}', '3', '2', '2018-11-02 15:55:46', '2018-11-02 15:54:11', '2018-11-02 15:55:46');
INSERT INTO `mq_broker_message_log` VALUES ('1541145254332$4c2d9d3e-7d28-4413-aae9-8bcc2a208321', '{\"id\":\"2018-11-028294\",\"messageId\":\"1541145254332$4c2d9d3e-7d28-4413-aae9-8bcc2a208321\",\"name\":\"测试创建订单\"}', '3', '2', '2018-11-02 15:55:46', '2018-11-02 15:54:14', '2018-11-02 15:55:46');
INSERT INTO `mq_broker_message_log` VALUES ('1541145459398$320b20a0-fcba-4c60-9006-7cc01be877ef', '{\"id\":\"2018-11-022444\",\"messageId\":\"1541145459398$320b20a0-fcba-4c60-9006-7cc01be877ef\",\"name\":\"测试创建订单\"}', '1', '1', '2018-11-02 15:58:45', '2018-11-02 15:57:39', '2018-11-02 15:58:46');
INSERT INTO `mq_broker_message_log` VALUES ('1541145516273$c244a651-f235-4ffa-9db4-05fe5d3bbc01', '{\"id\":\"2018-11-028400\",\"messageId\":\"1541145516273$c244a651-f235-4ffa-9db4-05fe5d3bbc01\",\"name\":\"测试创建订单\"}', '0', '1', '2018-11-02 15:58:36', '2018-11-02 15:58:36', '2018-11-02 15:58:37');
INSERT INTO `mq_broker_message_log` VALUES ('1541145602727$7f9ffadb-9164-450b-a2dd-a884362f6056', '{\"id\":\"2018-11-029132\",\"messageId\":\"1541145602727$7f9ffadb-9164-450b-a2dd-a884362f6056\",\"name\":\"测试创建订单\"}', '0', '1', '2018-11-02 16:00:02', '2018-11-02 16:00:03', '2018-11-02 16:00:03');
INSERT INTO `mq_broker_message_log` VALUES ('1541145612913$4fa644ea-d9c0-40f3-98db-0625073066cc', '{\"id\":\"2018-11-024247\",\"messageId\":\"1541145612913$4fa644ea-d9c0-40f3-98db-0625073066cc\",\"name\":\"测试创建订单\"}', '0', '1', '2018-11-02 16:00:12', '2018-11-02 16:00:13', '2018-11-02 16:00:13');
INSERT INTO `mq_broker_message_log` VALUES ('1541145835935$580647ca-8e47-4f23-a77d-99ad1bb9e6fc', '{\"id\":\"2018-11-026793\",\"messageId\":\"1541145835935$580647ca-8e47-4f23-a77d-99ad1bb9e6fc\",\"name\":\"测试创建订单\"}', '0', '1', '2018-11-02 16:03:56', '2018-11-02 16:03:56', '2018-11-02 16:03:56');
INSERT INTO `mq_broker_message_log` VALUES ('1541145837108$4c642daf-7838-4de1-88df-302246187289', '{\"id\":\"2018-11-026777\",\"messageId\":\"1541145837108$4c642daf-7838-4de1-88df-302246187289\",\"name\":\"测试创建订单\"}', '0', '1', '2018-11-02 16:03:57', '2018-11-02 16:03:57', '2018-11-02 16:03:57');
INSERT INTO `mq_broker_message_log` VALUES ('1541145926873$74caf908-a61e-454e-959d-a3425887f2a5', '{\"id\":\"2018-11-028505\",\"messageId\":\"1541145926873$74caf908-a61e-454e-959d-a3425887f2a5\",\"name\":\"测试创建订单\"}', '0', '1', '2018-11-02 16:05:26', '2018-11-02 16:05:27', '2018-11-02 16:05:27');
INSERT INTO `mq_broker_message_log` VALUES ('1541145927055$0a9544c5-60f9-4c25-9399-ef3b62e25d7a', '{\"id\":\"2018-11-024924\",\"messageId\":\"1541145927055$0a9544c5-60f9-4c25-9399-ef3b62e25d7a\",\"name\":\"测试创建订单\"}', '0', '1', '2018-11-02 16:05:27', '2018-11-02 16:05:27', '2018-11-02 16:05:27');
INSERT INTO `mq_broker_message_log` VALUES ('1541145927218$fbbf9e41-b027-4ac3-a033-e20c5fb90b49', '{\"id\":\"2018-11-025361\",\"messageId\":\"1541145927218$fbbf9e41-b027-4ac3-a033-e20c5fb90b49\",\"name\":\"测试创建订单\"}', '0', '1', '2018-11-02 16:05:27', '2018-11-02 16:05:27', '2018-11-02 16:05:27');
INSERT INTO `mq_broker_message_log` VALUES ('1541145927380$b4a9a395-51af-4e35-b0aa-ab35708d357e', '{\"id\":\"2018-11-027665\",\"messageId\":\"1541145927380$b4a9a395-51af-4e35-b0aa-ab35708d357e\",\"name\":\"测试创建订单\"}', '0', '1', '2018-11-02 16:05:27', '2018-11-02 16:05:27', '2018-11-02 16:05:27');
INSERT INTO `mq_broker_message_log` VALUES ('1541145927550$e9dd2c48-32cc-4639-afb8-6fc6a817864b', '{\"id\":\"2018-11-023328\",\"messageId\":\"1541145927550$e9dd2c48-32cc-4639-afb8-6fc6a817864b\",\"name\":\"测试创建订单\"}', '0', '1', '2018-11-02 16:05:27', '2018-11-02 16:05:28', '2018-11-02 16:05:28');
INSERT INTO `mq_broker_message_log` VALUES ('1541145927728$28c23668-87d6-4fec-815b-cc373b981810', '{\"id\":\"2018-11-027544\",\"messageId\":\"1541145927728$28c23668-87d6-4fec-815b-cc373b981810\",\"name\":\"测试创建订单\"}', '0', '1', '2018-11-02 16:05:27', '2018-11-02 16:05:28', '2018-11-02 16:05:28');
INSERT INTO `mq_broker_message_log` VALUES ('1541145927921$4751cf9d-f0b9-4aef-b1d8-20a5cd07e9d4', '{\"id\":\"2018-11-021297\",\"messageId\":\"1541145927921$4751cf9d-f0b9-4aef-b1d8-20a5cd07e9d4\",\"name\":\"测试创建订单\"}', '0', '1', '2018-11-02 16:05:27', '2018-11-02 16:05:28', '2018-11-02 16:05:28');
INSERT INTO `mq_broker_message_log` VALUES ('1541145928091$d668db39-6cbb-4951-aa59-710edfc1b5d9', '{\"id\":\"2018-11-028285\",\"messageId\":\"1541145928091$d668db39-6cbb-4951-aa59-710edfc1b5d9\",\"name\":\"测试创建订单\"}', '0', '1', '2018-11-02 16:05:28', '2018-11-02 16:05:28', '2018-11-02 16:05:28');
INSERT INTO `mq_broker_message_log` VALUES ('1541145928262$42681768-298b-4970-b8e7-aecc447d965b', '{\"id\":\"2018-11-024669\",\"messageId\":\"1541145928262$42681768-298b-4970-b8e7-aecc447d965b\",\"name\":\"测试创建订单\"}', '0', '1', '2018-11-02 16:05:28', '2018-11-02 16:05:28', '2018-11-02 16:05:28');
INSERT INTO `mq_broker_message_log` VALUES ('1541145928467$6cb5bc8c-e1be-4f96-bbec-1fb4a0025799', '{\"id\":\"2018-11-026975\",\"messageId\":\"1541145928467$6cb5bc8c-e1be-4f96-bbec-1fb4a0025799\",\"name\":\"测试创建订单\"}', '0', '1', '2018-11-02 16:05:28', '2018-11-02 16:05:28', '2018-11-02 16:05:28');
INSERT INTO `mq_broker_message_log` VALUES ('1541145928671$bf7c57aa-b0e4-4762-bc08-f3372e39a66a', '{\"id\":\"2018-11-022922\",\"messageId\":\"1541145928671$bf7c57aa-b0e4-4762-bc08-f3372e39a66a\",\"name\":\"测试创建订单\"}', '0', '1', '2018-11-02 16:05:28', '2018-11-02 16:05:29', '2018-11-02 16:05:29');
INSERT INTO `mq_broker_message_log` VALUES ('1541145928841$46242a96-4a21-4513-b707-4719099b84be', '{\"id\":\"2018-11-028484\",\"messageId\":\"1541145928841$46242a96-4a21-4513-b707-4719099b84be\",\"name\":\"测试创建订单\"}', '0', '1', '2018-11-02 16:05:28', '2018-11-02 16:05:29', '2018-11-02 16:05:29');
INSERT INTO `mq_broker_message_log` VALUES ('1541145929027$f83d103c-a5f1-4442-9b33-fc37503dfe8c', '{\"id\":\"2018-11-028644\",\"messageId\":\"1541145929027$f83d103c-a5f1-4442-9b33-fc37503dfe8c\",\"name\":\"测试创建订单\"}', '0', '1', '2018-11-02 16:05:29', '2018-11-02 16:05:29', '2018-11-02 16:05:29');
INSERT INTO `mq_broker_message_log` VALUES ('1541145929218$03983090-dc66-49c1-9c02-2d766340ab8f', '{\"id\":\"2018-11-029421\",\"messageId\":\"1541145929218$03983090-dc66-49c1-9c02-2d766340ab8f\",\"name\":\"测试创建订单\"}', '0', '1', '2018-11-02 16:05:29', '2018-11-02 16:05:29', '2018-11-02 16:05:29');
INSERT INTO `mq_broker_message_log` VALUES ('1541145929406$8571ef4c-3efa-46cc-8bd0-973348e9220a', '{\"id\":\"2018-11-023699\",\"messageId\":\"1541145929406$8571ef4c-3efa-46cc-8bd0-973348e9220a\",\"name\":\"测试创建订单\"}', '0', '1', '2018-11-02 16:05:29', '2018-11-02 16:05:29', '2018-11-02 16:05:29');
INSERT INTO `mq_broker_message_log` VALUES ('1541145929615$af16462c-a45f-492f-9731-b0bdade06948', '{\"id\":\"2018-11-026610\",\"messageId\":\"1541145929615$af16462c-a45f-492f-9731-b0bdade06948\",\"name\":\"测试创建订单\"}', '0', '1', '2018-11-02 16:05:29', '2018-11-02 16:05:30', '2018-11-02 16:05:30');
INSERT INTO `mq_broker_message_log` VALUES ('1541145929795$85d6e5a6-9154-45f5-abf1-9a0dc2bd573d', '{\"id\":\"2018-11-029832\",\"messageId\":\"1541145929795$85d6e5a6-9154-45f5-abf1-9a0dc2bd573d\",\"name\":\"测试创建订单\"}', '0', '1', '2018-11-02 16:05:29', '2018-11-02 16:05:30', '2018-11-02 16:05:30');
INSERT INTO `mq_broker_message_log` VALUES ('1541145929978$01499e2e-d1cc-4f6b-8d81-5e009f49bdb7', '{\"id\":\"2018-11-025520\",\"messageId\":\"1541145929978$01499e2e-d1cc-4f6b-8d81-5e009f49bdb7\",\"name\":\"测试创建订单\"}', '0', '1', '2018-11-02 16:05:29', '2018-11-02 16:05:30', '2018-11-02 16:05:30');
INSERT INTO `mq_broker_message_log` VALUES ('1541145930183$3ff662a9-560e-49d3-a354-2256726f2980', '{\"id\":\"2018-11-021678\",\"messageId\":\"1541145930183$3ff662a9-560e-49d3-a354-2256726f2980\",\"name\":\"测试创建订单\"}', '0', '1', '2018-11-02 16:05:30', '2018-11-02 16:05:30', '2018-11-02 16:05:30');
INSERT INTO `mq_broker_message_log` VALUES ('1541145930372$67ca3975-e3e9-4160-bde6-9490ef4ee259', '{\"id\":\"2018-11-025771\",\"messageId\":\"1541145930372$67ca3975-e3e9-4160-bde6-9490ef4ee259\",\"name\":\"测试创建订单\"}', '0', '1', '2018-11-02 16:05:30', '2018-11-02 16:05:30', '2018-11-02 16:05:30');
INSERT INTO `mq_broker_message_log` VALUES ('1541145930583$860ffd09-ca98-439c-b220-54c5da6ee17e', '{\"id\":\"2018-11-026858\",\"messageId\":\"1541145930583$860ffd09-ca98-439c-b220-54c5da6ee17e\",\"name\":\"测试创建订单\"}', '0', '1', '2018-11-02 16:05:30', '2018-11-02 16:05:31', '2018-11-02 16:05:31');
INSERT INTO `mq_broker_message_log` VALUES ('1541145930752$17e43606-40c9-4cae-94f2-39b6cec182fd', '{\"id\":\"2018-11-024622\",\"messageId\":\"1541145930752$17e43606-40c9-4cae-94f2-39b6cec182fd\",\"name\":\"测试创建订单\"}', '0', '1', '2018-11-02 16:05:30', '2018-11-02 16:05:31', '2018-11-02 16:05:31');
INSERT INTO `mq_broker_message_log` VALUES ('1541145930945$69c3e4d8-c014-479a-885d-f466281358af', '{\"id\":\"2018-11-022374\",\"messageId\":\"1541145930945$69c3e4d8-c014-479a-885d-f466281358af\",\"name\":\"测试创建订单\"}', '0', '1', '2018-11-02 16:05:30', '2018-11-02 16:05:31', '2018-11-02 16:05:31');
INSERT INTO `mq_broker_message_log` VALUES ('1541145931140$a2f77fa7-6106-4ca4-a6e1-db29def0774e', '{\"id\":\"2018-11-023188\",\"messageId\":\"1541145931140$a2f77fa7-6106-4ca4-a6e1-db29def0774e\",\"name\":\"测试创建订单\"}', '0', '1', '2018-11-02 16:05:31', '2018-11-02 16:05:31', '2018-11-02 16:05:31');
INSERT INTO `mq_broker_message_log` VALUES ('1541145931710$874dcac2-b30c-4f26-b85f-043669901656', '{\"id\":\"2018-11-024979\",\"messageId\":\"1541145931710$874dcac2-b30c-4f26-b85f-043669901656\",\"name\":\"测试创建订单\"}', '0', '1', '2018-11-02 16:05:31', '2018-11-02 16:05:32', '2018-11-02 16:05:32');
INSERT INTO `mq_broker_message_log` VALUES ('1541146134060$b1f4832c-0b74-4b2e-bbf7-16f0ee53075b', '{\"id\":\"2018-11-027191\",\"messageId\":\"1541146134060$b1f4832c-0b74-4b2e-bbf7-16f0ee53075b\",\"name\":\"测试创建订单\"}', '0', '1', '2018-11-02 16:08:54', '2018-11-02 16:08:54', '2018-11-02 16:08:54');
INSERT INTO `mq_broker_message_log` VALUES ('1541146329130$f44a6f3b-a869-4d6b-9b4a-0073493521c9', '{\"id\":\"2018-11-028654\",\"messageId\":\"1541146329130$f44a6f3b-a869-4d6b-9b4a-0073493521c9\",\"name\":\"测试创建订单\"}', '0', '1', '2018-11-02 16:12:09', '2018-11-02 16:12:09', '2018-11-02 16:12:09');
INSERT INTO `mq_broker_message_log` VALUES ('1541146375401$09f820f9-b719-4245-8528-e87a6ec0d95e', '{\"id\":\"2018-11-021548\",\"messageId\":\"1541146375401$09f820f9-b719-4245-8528-e87a6ec0d95e\",\"name\":\"测试创建订单\"}', '0', '1', '2018-11-02 16:12:55', '2018-11-02 16:12:55', '2018-11-02 16:12:55');
INSERT INTO `mq_broker_message_log` VALUES ('1541146375697$9705454b-6456-4b94-98a7-aabf9a9c8f58', '{\"id\":\"2018-11-024082\",\"messageId\":\"1541146375697$9705454b-6456-4b94-98a7-aabf9a9c8f58\",\"name\":\"测试创建订单\"}', '0', '1', '2018-11-02 16:12:55', '2018-11-02 16:12:56', '2018-11-02 16:12:56');
INSERT INTO `mq_broker_message_log` VALUES ('1541146375898$b8e7f3ab-3654-4e78-894e-23142a00d1e0', '{\"id\":\"2018-11-023956\",\"messageId\":\"1541146375898$b8e7f3ab-3654-4e78-894e-23142a00d1e0\",\"name\":\"测试创建订单\"}', '0', '1', '2018-11-02 16:12:55', '2018-11-02 16:12:56', '2018-11-02 16:12:56');
INSERT INTO `mq_broker_message_log` VALUES ('1541146376109$fa037bef-8729-4a27-840b-9bf7da261b75', '{\"id\":\"2018-11-025141\",\"messageId\":\"1541146376109$fa037bef-8729-4a27-840b-9bf7da261b75\",\"name\":\"测试创建订单\"}', '0', '1', '2018-11-02 16:12:56', '2018-11-02 16:12:56', '2018-11-02 16:12:56');
INSERT INTO `mq_broker_message_log` VALUES ('1541146376487$c36a75f3-c0eb-4cca-a869-7f571f95b598', '{\"id\":\"2018-11-028599\",\"messageId\":\"1541146376487$c36a75f3-c0eb-4cca-a869-7f571f95b598\",\"name\":\"测试创建订单\"}', '0', '1', '2018-11-02 16:12:56', '2018-11-02 16:12:56', '2018-11-02 16:12:57');
INSERT INTO `mq_broker_message_log` VALUES ('1541333387304$58671055-8a57-4147-9052-76db9d1ace67', '{\"id\":\"2018-11-04 20-093922\",\"messageId\":\"1541333387304$58671055-8a57-4147-9052-76db9d1ace67\",\"name\":\"测试创建订单\"}', '0', '1', '2018-11-04 20:09:47', '2018-11-04 20:09:48', '2018-11-04 20:09:48');
INSERT INTO `mq_broker_message_log` VALUES ('1541333530645$0e62f708-5100-4ea1-95ef-360c36e93cb1', '{\"id\":\"2018-11-04 20-124448\",\"messageId\":\"1541333530645$0e62f708-5100-4ea1-95ef-360c36e93cb1\",\"name\":\"测试创建订单\"}', '0', '1', '2018-11-04 20:12:10', '2018-11-04 20:12:11', '2018-11-04 20:12:11');
INSERT INTO `mq_broker_message_log` VALUES ('1541333530834$0c5395c3-ccdb-41b4-bcc9-17edfb5fe19d', '{\"id\":\"2018-11-04 20-123855\",\"messageId\":\"1541333530834$0c5395c3-ccdb-41b4-bcc9-17edfb5fe19d\",\"name\":\"测试创建订单\"}', '0', '1', '2018-11-04 20:12:10', '2018-11-04 20:12:11', '2018-11-04 20:12:11');
INSERT INTO `mq_broker_message_log` VALUES ('1541333531027$7cc806a4-3e2a-4375-8a81-5da17450f7fa', '{\"id\":\"2018-11-04 20-123469\",\"messageId\":\"1541333531027$7cc806a4-3e2a-4375-8a81-5da17450f7fa\",\"name\":\"测试创建订单\"}', '0', '1', '2018-11-04 20:12:11', '2018-11-04 20:12:11', '2018-11-04 20:12:11');
INSERT INTO `mq_broker_message_log` VALUES ('1541333531204$d0835b24-69f3-4efb-b99d-d8083673f9f2', '{\"id\":\"2018-11-04 20-121073\",\"messageId\":\"1541333531204$d0835b24-69f3-4efb-b99d-d8083673f9f2\",\"name\":\"测试创建订单\"}', '0', '1', '2018-11-04 20:12:11', '2018-11-04 20:12:11', '2018-11-04 20:12:11');
INSERT INTO `mq_broker_message_log` VALUES ('1541333531382$d83952b5-bf8e-4ebc-b83d-01923243d8d3', '{\"id\":\"2018-11-04 20-124771\",\"messageId\":\"1541333531382$d83952b5-bf8e-4ebc-b83d-01923243d8d3\",\"name\":\"测试创建订单\"}', '0', '1', '2018-11-04 20:12:11', '2018-11-04 20:12:11', '2018-11-04 20:12:11');
INSERT INTO `mq_broker_message_log` VALUES ('1541333531544$51c5df84-899e-4fc9-9dd4-2431eb420f79', '{\"id\":\"2018-11-04 20-125231\",\"messageId\":\"1541333531544$51c5df84-899e-4fc9-9dd4-2431eb420f79\",\"name\":\"测试创建订单\"}', '0', '1', '2018-11-04 20:12:11', '2018-11-04 20:12:12', '2018-11-04 20:12:12');
INSERT INTO `mq_broker_message_log` VALUES ('1541333643038$09bbe243-a3a6-4b12-a08c-593e8695dd31', '{\"id\":\"2018-11-04 20-145703\",\"messageId\":\"1541333643038$09bbe243-a3a6-4b12-a08c-593e8695dd31\",\"name\":\"测试创建订单\"}', '0', '1', '2018-11-04 20:14:03', '2018-11-04 20:14:03', '2018-11-04 20:14:03');
INSERT INTO `mq_broker_message_log` VALUES ('1541333643630$dd963da7-f64b-44f9-aafc-1df3865bb360', '{\"id\":\"2018-11-04 20-148148\",\"messageId\":\"1541333643630$dd963da7-f64b-44f9-aafc-1df3865bb360\",\"name\":\"测试创建订单\"}', '0', '1', '2018-11-04 20:14:03', '2018-11-04 20:14:04', '2018-11-04 20:14:04');
INSERT INTO `mq_broker_message_log` VALUES ('1541333870095$e63263ad-7f6e-47c6-a220-f5275efd627c', '{\"id\":\"2018110420179234\",\"messageId\":\"1541333870095$e63263ad-7f6e-47c6-a220-f5275efd627c\",\"name\":\"测试创建订单\"}', '0', '1', '2018-11-04 20:17:50', '2018-11-04 20:17:50', '2018-11-04 20:17:50');
INSERT INTO `mq_broker_message_log` VALUES ('1541333909094$9a6a259e-4247-4a6b-bf39-95b5919d4a37', '{\"id\":\"2018110420186237\",\"messageId\":\"1541333909094$9a6a259e-4247-4a6b-bf39-95b5919d4a37\",\"name\":\"测试创建订单\"}', '0', '1', '2018-11-04 20:18:29', '2018-11-04 20:18:29', '2018-11-04 20:18:29');
INSERT INTO `mq_broker_message_log` VALUES ('1541333909275$e10cc822-b3a1-4a36-8758-94e77c197aad', '{\"id\":\"2018110420187139\",\"messageId\":\"1541333909275$e10cc822-b3a1-4a36-8758-94e77c197aad\",\"name\":\"测试创建订单\"}', '0', '1', '2018-11-04 20:18:29', '2018-11-04 20:18:29', '2018-11-04 20:18:29');
INSERT INTO `mq_broker_message_log` VALUES ('1541333909444$8340829c-0050-4080-bff0-fdd16d9f6233', '{\"id\":\"2018110420188700\",\"messageId\":\"1541333909444$8340829c-0050-4080-bff0-fdd16d9f6233\",\"name\":\"测试创建订单\"}', '0', '1', '2018-11-04 20:18:29', '2018-11-04 20:18:29', '2018-11-04 20:18:29');
INSERT INTO `mq_broker_message_log` VALUES ('1541333909607$4b840e41-41c3-4ad1-a0e6-ac26d7f87b78', '{\"id\":\"2018110420186457\",\"messageId\":\"1541333909607$4b840e41-41c3-4ad1-a0e6-ac26d7f87b78\",\"name\":\"测试创建订单\"}', '0', '1', '2018-11-04 20:18:29', '2018-11-04 20:18:30', '2018-11-04 20:18:30');
INSERT INTO `mq_broker_message_log` VALUES ('1541333909784$ecc4df02-7321-4110-ba20-bedf38af3044', '{\"id\":\"2018110420189693\",\"messageId\":\"1541333909784$ecc4df02-7321-4110-ba20-bedf38af3044\",\"name\":\"测试创建订单\"}', '0', '1', '2018-11-04 20:18:29', '2018-11-04 20:18:30', '2018-11-04 20:18:30');
INSERT INTO `mq_broker_message_log` VALUES ('1541333909970$4dd547b5-caba-471a-a5d6-80beef119d76', '{\"id\":\"2018110420183918\",\"messageId\":\"1541333909970$4dd547b5-caba-471a-a5d6-80beef119d76\",\"name\":\"测试创建订单\"}', '0', '1', '2018-11-04 20:18:29', '2018-11-04 20:18:30', '2018-11-04 20:18:30');
INSERT INTO `mq_broker_message_log` VALUES ('1541333910132$d77d592b-4e0f-4b6e-acee-48e1d2a2606e', '{\"id\":\"2018110420184025\",\"messageId\":\"1541333910132$d77d592b-4e0f-4b6e-acee-48e1d2a2606e\",\"name\":\"测试创建订单\"}', '0', '1', '2018-11-04 20:18:30', '2018-11-04 20:18:30', '2018-11-04 20:18:30');
INSERT INTO `mq_broker_message_log` VALUES ('1541333910303$21074d0c-c37c-4865-a20f-f6ef65ecbdb6', '{\"id\":\"2018110420184986\",\"messageId\":\"1541333910303$21074d0c-c37c-4865-a20f-f6ef65ecbdb6\",\"name\":\"测试创建订单\"}', '0', '1', '2018-11-04 20:18:30', '2018-11-04 20:18:30', '2018-11-04 20:18:30');
INSERT INTO `mq_broker_message_log` VALUES ('1541333910506$dedf642c-d10f-454d-8935-a77fb1eb3915', '{\"id\":\"2018110420186707\",\"messageId\":\"1541333910506$dedf642c-d10f-454d-8935-a77fb1eb3915\",\"name\":\"测试创建订单\"}', '0', '1', '2018-11-04 20:18:30', '2018-11-04 20:18:31', '2018-11-04 20:18:31');
INSERT INTO `mq_broker_message_log` VALUES ('1541333910729$2845bc93-1552-4b4a-a892-fd722e72ff57', '{\"id\":\"2018110420184457\",\"messageId\":\"1541333910729$2845bc93-1552-4b4a-a892-fd722e72ff57\",\"name\":\"测试创建订单\"}', '0', '1', '2018-11-04 20:18:30', '2018-11-04 20:18:31', '2018-11-04 20:18:31');
INSERT INTO `mq_broker_message_log` VALUES ('1541333993711$11cab601-5eae-4adf-b952-d2b55df372bc', '{\"id\":\"201811042019$7573\",\"messageId\":\"1541333993711$11cab601-5eae-4adf-b952-d2b55df372bc\",\"name\":\"测试创建订单\"}', '3', '2', '2018-11-04 20:21:28', '2018-11-04 20:19:54', '2018-11-04 20:21:28');
INSERT INTO `mq_broker_message_log` VALUES ('1541333994752$fc6a67ae-bc86-46ad-8c90-fc991a20b9c7', '{\"id\":\"201811042019$7164\",\"messageId\":\"1541333994752$fc6a67ae-bc86-46ad-8c90-fc991a20b9c7\",\"name\":\"测试创建订单\"}', '3', '2', '2018-11-04 20:21:28', '2018-11-04 20:19:55', '2018-11-04 20:21:28');
INSERT INTO `mq_broker_message_log` VALUES ('1541333995323$da7018f4-2909-4d44-9253-4d9cbdca655e', '{\"id\":\"201811042019$3601\",\"messageId\":\"1541333995323$da7018f4-2909-4d44-9253-4d9cbdca655e\",\"name\":\"测试创建订单\"}', '3', '2', '2018-11-04 20:21:28', '2018-11-04 20:19:55', '2018-11-04 20:21:28');

-- ----------------------------
-- Table structure for `mq_order`
-- ----------------------------
DROP TABLE IF EXISTS `mq_order`;
CREATE TABLE `mq_order` (
  `id` varchar(128) NOT NULL,
  `name` varchar(128) DEFAULT NULL,
  `message_id` varchar(128) NOT NULL,
  PRIMARY KEY (`id`)
) ENGINE=InnoDB DEFAULT CHARSET=utf8;

-- ----------------------------
-- Records of mq_order
-- ----------------------------
INSERT INTO `mq_order` VALUES ('2018-11-021297', '测试创建订单', '1541145927921$4751cf9d-f0b9-4aef-b1d8-20a5cd07e9d4');
INSERT INTO `mq_order` VALUES ('2018-11-021314', '测试创建订单', '1541143542591$b31297f3-6083-427e-abf8-a896900cb931');
INSERT INTO `mq_order` VALUES ('2018-11-021456', '测试创建订单', '1541143913934$16e05110-d0c1-4ac5-b666-944d4637d3e1');
INSERT INTO `mq_order` VALUES ('2018-11-021548', '测试创建订单', '1541146375401$09f820f9-b719-4245-8528-e87a6ec0d95e');
INSERT INTO `mq_order` VALUES ('2018-11-021606', '测试创建订单', '1541143412269$332b1b42-a87b-4719-95ff-8d701d0a69b9');
INSERT INTO `mq_order` VALUES ('2018-11-021678', '测试创建订单', '1541145930183$3ff662a9-560e-49d3-a354-2256726f2980');
INSERT INTO `mq_order` VALUES ('2018-11-022374', '测试创建订单', '1541145930945$69c3e4d8-c014-479a-885d-f466281358af');
INSERT INTO `mq_order` VALUES ('2018-11-022444', '测试创建订单', '1541145459398$320b20a0-fcba-4c60-9006-7cc01be877ef');
INSERT INTO `mq_order` VALUES ('2018-11-022922', '测试创建订单', '1541145928671$bf7c57aa-b0e4-4762-bc08-f3372e39a66a');
INSERT INTO `mq_order` VALUES ('2018-11-023188', '测试创建订单', '1541145931140$a2f77fa7-6106-4ca4-a6e1-db29def0774e');
INSERT INTO `mq_order` VALUES ('2018-11-023328', '测试创建订单', '1541145927550$e9dd2c48-32cc-4639-afb8-6fc6a817864b');
INSERT INTO `mq_order` VALUES ('2018-11-023658', '测试创建订单', '1541143941577$80b1a7a6-a405-463b-8dab-c64e0fb70608');
INSERT INTO `mq_order` VALUES ('2018-11-023699', '测试创建订单', '1541145929406$8571ef4c-3efa-46cc-8bd0-973348e9220a');
INSERT INTO `mq_order` VALUES ('2018-11-023956', '测试创建订单', '1541146375898$b8e7f3ab-3654-4e78-894e-23142a00d1e0');
INSERT INTO `mq_order` VALUES ('2018-11-024082', '测试创建订单', '1541146375697$9705454b-6456-4b94-98a7-aabf9a9c8f58');
INSERT INTO `mq_order` VALUES ('2018-11-024247', '测试创建订单', '1541145612913$4fa644ea-d9c0-40f3-98db-0625073066cc');
INSERT INTO `mq_order` VALUES ('2018-11-024622', '测试创建订单', '1541145930752$17e43606-40c9-4cae-94f2-39b6cec182fd');
INSERT INTO `mq_order` VALUES ('2018-11-024669', '测试创建订单', '1541145928262$42681768-298b-4970-b8e7-aecc447d965b');
INSERT INTO `mq_order` VALUES ('2018-11-024924', '测试创建订单', '1541145927055$0a9544c5-60f9-4c25-9399-ef3b62e25d7a');
INSERT INTO `mq_order` VALUES ('2018-11-024979', '测试创建订单', '1541145931710$874dcac2-b30c-4f26-b85f-043669901656');
INSERT INTO `mq_order` VALUES ('2018-11-025141', '测试创建订单', '1541146376109$fa037bef-8729-4a27-840b-9bf7da261b75');
INSERT INTO `mq_order` VALUES ('2018-11-025361', '测试创建订单', '1541145927218$fbbf9e41-b027-4ac3-a033-e20c5fb90b49');
INSERT INTO `mq_order` VALUES ('2018-11-025520', '测试创建订单', '1541145929978$01499e2e-d1cc-4f6b-8d81-5e009f49bdb7');
INSERT INTO `mq_order` VALUES ('2018-11-025771', '测试创建订单', '1541145930372$67ca3975-e3e9-4160-bde6-9490ef4ee259');
INSERT INTO `mq_order` VALUES ('2018-11-026610', '测试创建订单', '1541145929615$af16462c-a45f-492f-9731-b0bdade06948');
INSERT INTO `mq_order` VALUES ('2018-11-026777', '测试创建订单', '1541145837108$4c642daf-7838-4de1-88df-302246187289');
INSERT INTO `mq_order` VALUES ('2018-11-026793', '测试创建订单', '1541145835935$580647ca-8e47-4f23-a77d-99ad1bb9e6fc');
INSERT INTO `mq_order` VALUES ('2018-11-026858', '测试创建订单', '1541145930583$860ffd09-ca98-439c-b220-54c5da6ee17e');
INSERT INTO `mq_order` VALUES ('2018-11-026975', '测试创建订单', '1541145928467$6cb5bc8c-e1be-4f96-bbec-1fb4a0025799');
INSERT INTO `mq_order` VALUES ('2018-11-027014', '测试创建订单', '1541145251181$168b2c44-ccb0-46d9-95b4-980291fb1e78');
INSERT INTO `mq_order` VALUES ('2018-11-027191', '测试创建订单', '1541146134060$b1f4832c-0b74-4b2e-bbf7-16f0ee53075b');
INSERT INTO `mq_order` VALUES ('2018-11-027544', '测试创建订单', '1541145927728$28c23668-87d6-4fec-815b-cc373b981810');
INSERT INTO `mq_order` VALUES ('2018-11-027665', '测试创建订单', '1541145927380$b4a9a395-51af-4e35-b0aa-ab35708d357e');
INSERT INTO `mq_order` VALUES ('2018-11-028285', '测试创建订单', '1541145928091$d668db39-6cbb-4951-aa59-710edfc1b5d9');
INSERT INTO `mq_order` VALUES ('2018-11-028294', '测试创建订单', '1541145254332$4c2d9d3e-7d28-4413-aae9-8bcc2a208321');
INSERT INTO `mq_order` VALUES ('2018-11-028400', '测试创建订单', '1541145516273$c244a651-f235-4ffa-9db4-05fe5d3bbc01');
INSERT INTO `mq_order` VALUES ('2018-11-028484', '测试创建订单', '1541145928841$46242a96-4a21-4513-b707-4719099b84be');
INSERT INTO `mq_order` VALUES ('2018-11-028505', '测试创建订单', '1541145926873$74caf908-a61e-454e-959d-a3425887f2a5');
INSERT INTO `mq_order` VALUES ('2018-11-028599', '测试创建订单', '1541146376487$c36a75f3-c0eb-4cca-a869-7f571f95b598');
INSERT INTO `mq_order` VALUES ('2018-11-028644', '测试创建订单', '1541145929027$f83d103c-a5f1-4442-9b33-fc37503dfe8c');
INSERT INTO `mq_order` VALUES ('2018-11-028654', '测试创建订单', '1541146329130$f44a6f3b-a869-4d6b-9b4a-0073493521c9');
INSERT INTO `mq_order` VALUES ('2018-11-029132', '测试创建订单', '1541145602727$7f9ffadb-9164-450b-a2dd-a884362f6056');
INSERT INTO `mq_order` VALUES ('2018-11-029421', '测试创建订单', '1541145929218$03983090-dc66-49c1-9c02-2d766340ab8f');
INSERT INTO `mq_order` VALUES ('2018-11-029590', '测试创建订单', '1541143790262$3b821ffe-05f4-475a-a380-a0a4d89fc00d');
INSERT INTO `mq_order` VALUES ('2018-11-029832', '测试创建订单', '1541145929795$85d6e5a6-9154-45f5-abf1-9a0dc2bd573d');
INSERT INTO `mq_order` VALUES ('2018-11-04 20-093922', '测试创建订单', '1541333387304$58671055-8a57-4147-9052-76db9d1ace67');
INSERT INTO `mq_order` VALUES ('2018-11-04 20-121073', '测试创建订单', '1541333531204$d0835b24-69f3-4efb-b99d-d8083673f9f2');
INSERT INTO `mq_order` VALUES ('2018-11-04 20-123469', '测试创建订单', '1541333531027$7cc806a4-3e2a-4375-8a81-5da17450f7fa');
INSERT INTO `mq_order` VALUES ('2018-11-04 20-123855', '测试创建订单', '1541333530834$0c5395c3-ccdb-41b4-bcc9-17edfb5fe19d');
INSERT INTO `mq_order` VALUES ('2018-11-04 20-124448', '测试创建订单', '1541333530645$0e62f708-5100-4ea1-95ef-360c36e93cb1');
INSERT INTO `mq_order` VALUES ('2018-11-04 20-124771', '测试创建订单', '1541333531382$d83952b5-bf8e-4ebc-b83d-01923243d8d3');
INSERT INTO `mq_order` VALUES ('2018-11-04 20-125231', '测试创建订单', '1541333531544$51c5df84-899e-4fc9-9dd4-2431eb420f79');
INSERT INTO `mq_order` VALUES ('2018-11-04 20-145703', '测试创建订单', '1541333643038$09bbe243-a3a6-4b12-a08c-593e8695dd31');
INSERT INTO `mq_order` VALUES ('2018-11-04 20-148148', '测试创建订单', '1541333643630$dd963da7-f64b-44f9-aafc-1df3865bb360');
INSERT INTO `mq_order` VALUES ('2018080400000002', '测试创建订单', '1541131400066$ef269e15-b28b-4e0c-9177-3f946dd3a1e5');
INSERT INTO `mq_order` VALUES ('2018110200000002', '测试创建订单', '1541136882495$7ef1db3b-bf8d-40bd-8497-aeed3fac77f4');
INSERT INTO `mq_order` VALUES ('2018110200000007', '测试创建订单', '1541140254497$9e261837-8118-4491-a38f-daef9fd076be');
INSERT INTO `mq_order` VALUES ('2018110200000008', '测试创建订单', '1541140527538$a8a27890-0458-4dc0-a8f3-8bd59fa3d48f');
INSERT INTO `mq_order` VALUES ('2018110200000012', '测试创建订单', '1541137534826$de5dff02-647c-4223-8661-7aff71f7433d');
INSERT INTO `mq_order` VALUES ('2018110200000777', '测试创建订单', '1541138201830$3f3e2c2d-e140-405a-8a5f-ab92dd8ce349');
INSERT INTO `mq_order` VALUES ('2018110420179234', '测试创建订单', '1541333870095$e63263ad-7f6e-47c6-a220-f5275efd627c');
INSERT INTO `mq_order` VALUES ('2018110420183918', '测试创建订单', '1541333909970$4dd547b5-caba-471a-a5d6-80beef119d76');
INSERT INTO `mq_order` VALUES ('2018110420184025', '测试创建订单', '1541333910132$d77d592b-4e0f-4b6e-acee-48e1d2a2606e');
INSERT INTO `mq_order` VALUES ('2018110420184457', '测试创建订单', '1541333910729$2845bc93-1552-4b4a-a892-fd722e72ff57');
INSERT INTO `mq_order` VALUES ('2018110420184986', '测试创建订单', '1541333910303$21074d0c-c37c-4865-a20f-f6ef65ecbdb6');
INSERT INTO `mq_order` VALUES ('2018110420186237', '测试创建订单', '1541333909094$9a6a259e-4247-4a6b-bf39-95b5919d4a37');
INSERT INTO `mq_order` VALUES ('2018110420186457', '测试创建订单', '1541333909607$4b840e41-41c3-4ad1-a0e6-ac26d7f87b78');
INSERT INTO `mq_order` VALUES ('2018110420186707', '测试创建订单', '1541333910506$dedf642c-d10f-454d-8935-a77fb1eb3915');
INSERT INTO `mq_order` VALUES ('2018110420187139', '测试创建订单', '1541333909275$e10cc822-b3a1-4a36-8758-94e77c197aad');
INSERT INTO `mq_order` VALUES ('2018110420188700', '测试创建订单', '1541333909444$8340829c-0050-4080-bff0-fdd16d9f6233');
INSERT INTO `mq_order` VALUES ('2018110420189693', '测试创建订单', '1541333909784$ecc4df02-7321-4110-ba20-bedf38af3044');
INSERT INTO `mq_order` VALUES ('201811042019$3601', '测试创建订单', '1541333995323$da7018f4-2909-4d44-9253-4d9cbdca655e');
INSERT INTO `mq_order` VALUES ('201811042019$7164', '测试创建订单', '1541333994752$fc6a67ae-bc86-46ad-8c90-fc991a20b9c7');
INSERT INTO `mq_order` VALUES ('201811042019$7573', '测试创建订单', '1541333993711$11cab601-5eae-4adf-b952-d2b55df372bc');

-- ----------------------------
-- Table structure for `order_detail`
-- ----------------------------
DROP TABLE IF EXISTS `order_detail`;
CREATE TABLE `order_detail` (
  `detail_id` varchar(32) NOT NULL,
  `order_id` varchar(32) NOT NULL,
  `product_id` varchar(32) NOT NULL,
  `product_name` varchar(64) NOT NULL COMMENT '商品名称',
  `product_price` decimal(8,2) NOT NULL COMMENT '当前价格,单位分',
  `product_quantity` int(11) NOT NULL COMMENT '数量',
  `product_icon` varchar(512) DEFAULT NULL COMMENT '小图',
  `create_time` timestamp NOT NULL DEFAULT CURRENT_TIMESTAMP COMMENT '创建时间',
  `update_time` timestamp NOT NULL DEFAULT CURRENT_TIMESTAMP ON UPDATE CURRENT_TIMESTAMP COMMENT '修改时间',
  PRIMARY KEY (`detail_id`),
  KEY `idx_order_id` (`order_id`)
) ENGINE=InnoDB DEFAULT CHARSET=utf8;

-- ----------------------------
-- Records of order_detail
-- ----------------------------
INSERT INTO `order_detail` VALUES ('12345', '1234', '157875196366160022', '皮蛋粥', '0.01', '2', '//fuss10.elemecdn.com/0/49/65d10ef215d3c770ebb2b5ea962a7jpeg.jpeg', '2018-10-11 14:28:47', '2018-10-11 14:28:47');
INSERT INTO `order_detail` VALUES ('1539598767527678893', '1539598766382146052', '157875227953464068', '慕斯蛋糕', '10.90', '2', '//fuss10.elemecdn.com/9/93/91994e8456818dfe7b0bd95f10a50jpeg.jpeg', '2018-10-15 18:19:27', '2018-10-15 18:19:27');
INSERT INTO `order_detail` VALUES ('1539598864184173157', '1539598864160725188', '157875196366160022', '皮蛋粥', '0.01', '2', '//fuss10.elemecdn.com/0/49/65d10ef215d3c770ebb2b5ea962a7jpeg.jpeg', '2018-10-15 18:21:04', '2018-10-15 18:21:04');
INSERT INTO `order_detail` VALUES ('1539598864186662264', '1539598864160725188', '157875227953464068', '慕斯蛋糕', '10.90', '2', '//fuss10.elemecdn.com/9/93/91994e8456818dfe7b0bd95f10a50jpeg.jpeg', '2018-10-15 18:21:04', '2018-10-15 18:21:04');
INSERT INTO `order_detail` VALUES ('1539598864187911104', '1539598864160725188', '164103465734242707', '蜜汁鸡翅', '0.02', '2', '//fuss10.elemecdn.com/7/4a/f307f56216b03f067155aec8b124ejpeg.jpeg', '2018-10-15 18:21:04', '2018-10-15 18:21:04');
INSERT INTO `order_detail` VALUES ('1539613911434128327', '1539613911385905875', '157875196366160022', '皮蛋粥', '0.01', '2', '//fuss10.elemecdn.com/0/49/65d10ef215d3c770ebb2b5ea962a7jpeg.jpeg', '2018-10-15 22:31:51', '2018-10-15 22:31:51');
INSERT INTO `order_detail` VALUES ('1539613911443562513', '1539613911385905875', '157875227953464068', '慕斯蛋糕', '10.90', '2', '//fuss10.elemecdn.com/9/93/91994e8456818dfe7b0bd95f10a50jpeg.jpeg', '2018-10-15 22:31:51', '2018-10-15 22:31:51');
INSERT INTO `order_detail` VALUES ('1539613911446281721', '1539613911385905875', '164103465734242707', '蜜汁鸡翅', '0.02', '2', '//fuss10.elemecdn.com/7/4a/f307f56216b03f067155aec8b124ejpeg.jpeg', '2018-10-15 22:31:51', '2018-10-15 22:31:51');
INSERT INTO `order_detail` VALUES ('1539613918523285265', '1539613918512686565', '157875196366160022', '皮蛋粥', '0.01', '2', '//fuss10.elemecdn.com/0/49/65d10ef215d3c770ebb2b5ea962a7jpeg.jpeg', '2018-10-15 22:31:58', '2018-10-15 22:31:58');
INSERT INTO `order_detail` VALUES ('1539613918524603675', '1539613918512686565', '157875227953464068', '慕斯蛋糕', '10.90', '2', '//fuss10.elemecdn.com/9/93/91994e8456818dfe7b0bd95f10a50jpeg.jpeg', '2018-10-15 22:31:58', '2018-10-15 22:31:58');
INSERT INTO `order_detail` VALUES ('1539613918525900822', '1539613918512686565', '164103465734242707', '蜜汁鸡翅', '0.02', '200', '//fuss10.elemecdn.com/7/4a/f307f56216b03f067155aec8b124ejpeg.jpeg', '2018-10-15 22:31:58', '2018-10-15 22:31:58');
INSERT INTO `order_detail` VALUES ('1539613921987481876', '1539613921976503711', '157875196366160022', '皮蛋粥', '0.01', '2', '//fuss10.elemecdn.com/0/49/65d10ef215d3c770ebb2b5ea962a7jpeg.jpeg', '2018-10-15 22:32:02', '2018-10-15 22:32:02');
INSERT INTO `order_detail` VALUES ('1539613921989430009', '1539613921976503711', '157875227953464068', '慕斯蛋糕', '10.90', '2', '//fuss10.elemecdn.com/9/93/91994e8456818dfe7b0bd95f10a50jpeg.jpeg', '2018-10-15 22:32:02', '2018-10-15 22:32:02');
INSERT INTO `order_detail` VALUES ('1539613921992344544', '1539613921976503711', '164103465734242707', '蜜汁鸡翅', '0.02', '200', '//fuss10.elemecdn.com/7/4a/f307f56216b03f067155aec8b124ejpeg.jpeg', '2018-10-15 22:32:02', '2018-10-15 22:32:02');
INSERT INTO `order_detail` VALUES ('1539672128542419860', '1539672127336409666', '157875196366160022', '皮蛋粥', '0.01', '2', '//fuss10.elemecdn.com/0/49/65d10ef215d3c770ebb2b5ea962a7jpeg.jpeg', '2018-10-16 14:42:08', '2018-10-16 14:42:08');
INSERT INTO `order_detail` VALUES ('1539672128602902165', '1539672127336409666', '157875227953464068', '慕斯蛋糕', '10.90', '7', '//fuss10.elemecdn.com/9/93/91994e8456818dfe7b0bd95f10a50jpeg.jpeg', '2018-10-16 14:42:08', '2018-10-16 14:42:08');
INSERT INTO `order_detail` VALUES ('1539672128603101498', '1539672127336409666', '164103465734242707', '蜜汁鸡翅', '0.02', '7', '//fuss10.elemecdn.com/7/4a/f307f56216b03f067155aec8b124ejpeg.jpeg', '2018-10-16 14:42:08', '2018-10-16 14:42:08');
INSERT INTO `order_detail` VALUES ('1541590932089207881', '1541590932038926775', '157875227953464068', '慕斯蛋糕', '10.90', '2', '//fuss10.elemecdn.com/9/93/91994e8456818dfe7b0bd95f10a50jpeg.jpeg', '2018-11-07 19:42:12', '2018-11-07 19:42:12');
INSERT INTO `order_detail` VALUES ('1541590953937166999', '1541590953928636218', '157875227953464068', '慕斯蛋糕', '10.90', '2', '//fuss10.elemecdn.com/9/93/91994e8456818dfe7b0bd95f10a50jpeg.jpeg', '2018-11-07 19:42:33', '2018-11-07 19:42:33');
INSERT INTO `order_detail` VALUES ('1541662169903690894', '1541662140347961401', '157875227953464068', '慕斯蛋糕', '10.90', '2', '//fuss10.elemecdn.com/9/93/91994e8456818dfe7b0bd95f10a50jpeg.jpeg', '2018-11-08 15:29:30', '2018-11-08 15:29:30');
INSERT INTO `order_detail` VALUES ('1541662176755975147', '1541662176733613445', '157875227953464068', '慕斯蛋糕', '10.90', '2', '//fuss10.elemecdn.com/9/93/91994e8456818dfe7b0bd95f10a50jpeg.jpeg', '2018-11-08 15:29:36', '2018-11-08 15:29:36');
INSERT INTO `order_detail` VALUES ('1541662182125347048', '1541662182114510859', '157875227953464068', '慕斯蛋糕', '10.90', '2', '//fuss10.elemecdn.com/9/93/91994e8456818dfe7b0bd95f10a50jpeg.jpeg', '2018-11-08 15:29:42', '2018-11-08 15:29:42');
INSERT INTO `order_detail` VALUES ('1541662302082201652', '1541662302070566094', '157875227953464068', '慕斯蛋糕', '10.90', '2', '//fuss10.elemecdn.com/9/93/91994e8456818dfe7b0bd95f10a50jpeg.jpeg', '2018-11-08 15:31:42', '2018-11-08 15:31:42');
INSERT INTO `order_detail` VALUES ('1541663096359396770', '1541663096345783782', '157875227953464068', '慕斯蛋糕', '10.90', '2', '//fuss10.elemecdn.com/9/93/91994e8456818dfe7b0bd95f10a50jpeg.jpeg', '2018-11-08 15:44:56', '2018-11-08 15:44:56');
INSERT INTO `order_detail` VALUES ('1541663107407581888', '1541663107397291821', '157875227953464068', '慕斯蛋糕', '10.90', '2', '//fuss10.elemecdn.com/9/93/91994e8456818dfe7b0bd95f10a50jpeg.jpeg', '2018-11-08 15:45:07', '2018-11-08 15:45:07');
INSERT INTO `order_detail` VALUES ('1541663198155380445', '1541663198144262716', '157875227953464068', '慕斯蛋糕', '10.90', '2', '//fuss10.elemecdn.com/9/93/91994e8456818dfe7b0bd95f10a50jpeg.jpeg', '2018-11-08 15:46:38', '2018-11-08 15:46:38');
INSERT INTO `order_detail` VALUES ('1541663653531438350', '1541663653045361960', '157875227953464068', '慕斯蛋糕', '10.90', '2', '//fuss10.elemecdn.com/9/93/91994e8456818dfe7b0bd95f10a50jpeg.jpeg', '2018-11-08 15:54:13', '2018-11-08 15:54:13');
INSERT INTO `order_detail` VALUES ('1541664437214800948', '1541664437197674281', '157875227953464068', '慕斯蛋糕', '10.90', '2', '//fuss10.elemecdn.com/9/93/91994e8456818dfe7b0bd95f10a50jpeg.jpeg', '2018-11-08 16:07:17', '2018-11-08 16:07:17');
INSERT INTO `order_detail` VALUES ('1541664905353829498', '1541664904497548265', '157875227953464068', '慕斯蛋糕', '10.90', '2', '//fuss10.elemecdn.com/9/93/91994e8456818dfe7b0bd95f10a50jpeg.jpeg', '2018-11-08 16:15:05', '2018-11-08 16:15:05');
INSERT INTO `order_detail` VALUES ('1541665875742474990', '1541665875709889108', '157875227953464068', '慕斯蛋糕', '10.90', '2', '//fuss10.elemecdn.com/9/93/91994e8456818dfe7b0bd95f10a50jpeg.jpeg', '2018-11-08 16:31:15', '2018-11-08 16:31:15');
INSERT INTO `order_detail` VALUES ('1541665876435200205', '1541665876423669918', '157875227953464068', '慕斯蛋糕', '10.90', '2', '//fuss10.elemecdn.com/9/93/91994e8456818dfe7b0bd95f10a50jpeg.jpeg', '2018-11-08 16:31:16', '2018-11-08 16:31:16');
INSERT INTO `order_detail` VALUES ('1541665877125296294', '1541665877111368488', '157875227953464068', '慕斯蛋糕', '10.90', '2', '//fuss10.elemecdn.com/9/93/91994e8456818dfe7b0bd95f10a50jpeg.jpeg', '2018-11-08 16:31:17', '2018-11-08 16:31:17');
INSERT INTO `order_detail` VALUES ('1541665877591200399', '1541665877568674272', '157875227953464068', '慕斯蛋糕', '10.90', '2', '//fuss10.elemecdn.com/9/93/91994e8456818dfe7b0bd95f10a50jpeg.jpeg', '2018-11-08 16:31:17', '2018-11-08 16:31:17');
INSERT INTO `order_detail` VALUES ('1541665878128983359', '1541665878113327725', '157875227953464068', '慕斯蛋糕', '10.90', '2', '//fuss10.elemecdn.com/9/93/91994e8456818dfe7b0bd95f10a50jpeg.jpeg', '2018-11-08 16:31:18', '2018-11-08 16:31:18');
INSERT INTO `order_detail` VALUES ('1541665878614323325', '1541665878604588492', '157875227953464068', '慕斯蛋糕', '10.90', '2', '//fuss10.elemecdn.com/9/93/91994e8456818dfe7b0bd95f10a50jpeg.jpeg', '2018-11-08 16:31:18', '2018-11-08 16:31:18');
INSERT INTO `order_detail` VALUES ('1541665879068401546', '1541665879057414130', '157875227953464068', '慕斯蛋糕', '10.90', '2', '//fuss10.elemecdn.com/9/93/91994e8456818dfe7b0bd95f10a50jpeg.jpeg', '2018-11-08 16:31:19', '2018-11-08 16:31:19');
INSERT INTO `order_detail` VALUES ('1541665879423920332', '1541665879413118952', '157875227953464068', '慕斯蛋糕', '10.90', '2', '//fuss10.elemecdn.com/9/93/91994e8456818dfe7b0bd95f10a50jpeg.jpeg', '2018-11-08 16:31:19', '2018-11-08 16:31:19');
INSERT INTO `order_detail` VALUES ('1541665879784555710', '1541665879773650079', '157875227953464068', '慕斯蛋糕', '10.90', '2', '//fuss10.elemecdn.com/9/93/91994e8456818dfe7b0bd95f10a50jpeg.jpeg', '2018-11-08 16:31:19', '2018-11-08 16:31:19');
INSERT INTO `order_detail` VALUES ('1541665880382820833', '1541665880370488937', '157875227953464068', '慕斯蛋糕', '10.90', '2', '//fuss10.elemecdn.com/9/93/91994e8456818dfe7b0bd95f10a50jpeg.jpeg', '2018-11-08 16:31:20', '2018-11-08 16:31:20');
INSERT INTO `order_detail` VALUES ('1541665881121860287', '1541665881111604953', '157875227953464068', '慕斯蛋糕', '10.90', '2', '//fuss10.elemecdn.com/9/93/91994e8456818dfe7b0bd95f10a50jpeg.jpeg', '2018-11-08 16:31:21', '2018-11-08 16:31:21');
INSERT INTO `order_detail` VALUES ('1541665881503317886', '1541665881494375993', '157875227953464068', '慕斯蛋糕', '10.90', '2', '//fuss10.elemecdn.com/9/93/91994e8456818dfe7b0bd95f10a50jpeg.jpeg', '2018-11-08 16:31:21', '2018-11-08 16:31:21');
INSERT INTO `order_detail` VALUES ('1541665882223275580', '1541665882215554120', '157875227953464068', '慕斯蛋糕', '10.90', '2', '//fuss10.elemecdn.com/9/93/91994e8456818dfe7b0bd95f10a50jpeg.jpeg', '2018-11-08 16:31:22', '2018-11-08 16:31:22');
INSERT INTO `order_detail` VALUES ('1541665882718516673', '1541665882711745620', '157875227953464068', '慕斯蛋糕', '10.90', '2', '//fuss10.elemecdn.com/9/93/91994e8456818dfe7b0bd95f10a50jpeg.jpeg', '2018-11-08 16:31:22', '2018-11-08 16:31:22');
INSERT INTO `order_detail` VALUES ('1541665883202877198', '1541665883192964041', '157875227953464068', '慕斯蛋糕', '10.90', '2', '//fuss10.elemecdn.com/9/93/91994e8456818dfe7b0bd95f10a50jpeg.jpeg', '2018-11-08 16:31:23', '2018-11-08 16:31:23');
INSERT INTO `order_detail` VALUES ('1541665883660695765', '1541665883649416959', '157875227953464068', '慕斯蛋糕', '10.90', '2', '//fuss10.elemecdn.com/9/93/91994e8456818dfe7b0bd95f10a50jpeg.jpeg', '2018-11-08 16:31:23', '2018-11-08 16:31:23');
INSERT INTO `order_detail` VALUES ('1541665884148836106', '1541665884139951275', '157875227953464068', '慕斯蛋糕', '10.90', '2', '//fuss10.elemecdn.com/9/93/91994e8456818dfe7b0bd95f10a50jpeg.jpeg', '2018-11-08 16:31:24', '2018-11-08 16:31:24');
INSERT INTO `order_detail` VALUES ('1541665884661959283', '1541665884650843325', '157875227953464068', '慕斯蛋糕', '10.90', '2', '//fuss10.elemecdn.com/9/93/91994e8456818dfe7b0bd95f10a50jpeg.jpeg', '2018-11-08 16:31:24', '2018-11-08 16:31:24');
INSERT INTO `order_detail` VALUES ('1541665884953368915', '1541665884945545733', '157875227953464068', '慕斯蛋糕', '10.90', '2', '//fuss10.elemecdn.com/9/93/91994e8456818dfe7b0bd95f10a50jpeg.jpeg', '2018-11-08 16:31:24', '2018-11-08 16:31:24');
INSERT INTO `order_detail` VALUES ('1541665885334345722', '1541665885325131005', '157875227953464068', '慕斯蛋糕', '10.90', '2', '//fuss10.elemecdn.com/9/93/91994e8456818dfe7b0bd95f10a50jpeg.jpeg', '2018-11-08 16:31:25', '2018-11-08 16:31:25');
INSERT INTO `order_detail` VALUES ('1541665885733297243', '1541665885726459370', '157875227953464068', '慕斯蛋糕', '10.90', '2', '//fuss10.elemecdn.com/9/93/91994e8456818dfe7b0bd95f10a50jpeg.jpeg', '2018-11-08 16:31:25', '2018-11-08 16:31:25');
INSERT INTO `order_detail` VALUES ('1541665886143908337', '1541665886134253900', '157875227953464068', '慕斯蛋糕', '10.90', '2', '//fuss10.elemecdn.com/9/93/91994e8456818dfe7b0bd95f10a50jpeg.jpeg', '2018-11-08 16:31:26', '2018-11-08 16:31:26');
INSERT INTO `order_detail` VALUES ('1541665886557824131', '1541665886549169522', '157875227953464068', '慕斯蛋糕', '10.90', '2', '//fuss10.elemecdn.com/9/93/91994e8456818dfe7b0bd95f10a50jpeg.jpeg', '2018-11-08 16:31:26', '2018-11-08 16:31:26');
INSERT INTO `order_detail` VALUES ('1541665886938752196', '1541665886930870733', '157875227953464068', '慕斯蛋糕', '10.90', '2', '//fuss10.elemecdn.com/9/93/91994e8456818dfe7b0bd95f10a50jpeg.jpeg', '2018-11-08 16:31:26', '2018-11-08 16:31:26');
INSERT INTO `order_detail` VALUES ('1541665887354501851', '1541665887344765300', '157875227953464068', '慕斯蛋糕', '10.90', '2', '//fuss10.elemecdn.com/9/93/91994e8456818dfe7b0bd95f10a50jpeg.jpeg', '2018-11-08 16:31:27', '2018-11-08 16:31:27');
INSERT INTO `order_detail` VALUES ('1541665887736276459', '1541665887730696811', '157875227953464068', '慕斯蛋糕', '10.90', '2', '//fuss10.elemecdn.com/9/93/91994e8456818dfe7b0bd95f10a50jpeg.jpeg', '2018-11-08 16:31:27', '2018-11-08 16:31:27');
INSERT INTO `order_detail` VALUES ('1541665888143453432', '1541665888135694465', '157875227953464068', '慕斯蛋糕', '10.90', '2', '//fuss10.elemecdn.com/9/93/91994e8456818dfe7b0bd95f10a50jpeg.jpeg', '2018-11-08 16:31:28', '2018-11-08 16:31:28');
INSERT INTO `order_detail` VALUES ('1541665888519797055', '1541665888510311901', '157875227953464068', '慕斯蛋糕', '10.90', '2', '//fuss10.elemecdn.com/9/93/91994e8456818dfe7b0bd95f10a50jpeg.jpeg', '2018-11-08 16:31:28', '2018-11-08 16:31:28');
INSERT INTO `order_detail` VALUES ('1541665888893256304', '1541665888885834454', '157875227953464068', '慕斯蛋糕', '10.90', '2', '//fuss10.elemecdn.com/9/93/91994e8456818dfe7b0bd95f10a50jpeg.jpeg', '2018-11-08 16:31:28', '2018-11-08 16:31:28');
INSERT INTO `order_detail` VALUES ('1541665889402288497', '1541665889393345316', '157875227953464068', '慕斯蛋糕', '10.90', '2', '//fuss10.elemecdn.com/9/93/91994e8456818dfe7b0bd95f10a50jpeg.jpeg', '2018-11-08 16:31:29', '2018-11-08 16:31:29');
INSERT INTO `order_detail` VALUES ('1541665889924181307', '1541665889915814466', '157875227953464068', '慕斯蛋糕', '10.90', '2', '//fuss10.elemecdn.com/9/93/91994e8456818dfe7b0bd95f10a50jpeg.jpeg', '2018-11-08 16:31:29', '2018-11-08 16:31:29');
INSERT INTO `order_detail` VALUES ('1541665890294760408', '1541665890282950659', '157875227953464068', '慕斯蛋糕', '10.90', '2', '//fuss10.elemecdn.com/9/93/91994e8456818dfe7b0bd95f10a50jpeg.jpeg', '2018-11-08 16:31:30', '2018-11-08 16:31:30');
INSERT INTO `order_detail` VALUES ('1541667345573993295', '1541667345012464196', '157875227953464068', '慕斯蛋糕', '10.90', '2', '//fuss10.elemecdn.com/9/93/91994e8456818dfe7b0bd95f10a50jpeg.jpeg', '2018-11-08 16:55:45', '2018-11-08 16:55:45');

-- ----------------------------
-- Table structure for `order_master`
-- ----------------------------
DROP TABLE IF EXISTS `order_master`;
CREATE TABLE `order_master` (
  `order_id` varchar(32) NOT NULL,
  `buyer_name` varchar(32) NOT NULL COMMENT '买家名字',
  `buyer_phone` varchar(32) NOT NULL COMMENT '买家电话',
  `buyer_address` varchar(128) NOT NULL COMMENT '买家地址',
  `buyer_openid` varchar(64) NOT NULL COMMENT '买家微信openid',
  `order_amount` decimal(8,2) NOT NULL COMMENT '订单总金额',
  `order_status` tinyint(3) NOT NULL DEFAULT '0' COMMENT '订单状态, 默认为新下单',
  `pay_status` tinyint(3) NOT NULL DEFAULT '0' COMMENT '支付状态, 默认未支付',
  `create_time` timestamp NOT NULL DEFAULT CURRENT_TIMESTAMP COMMENT '创建时间',
  `update_time` timestamp NOT NULL DEFAULT CURRENT_TIMESTAMP ON UPDATE CURRENT_TIMESTAMP COMMENT '修改时间',
  PRIMARY KEY (`order_id`),
  KEY `idx_buyer_openid` (`buyer_openid`)
) ENGINE=InnoDB DEFAULT CHARSET=utf8;

-- ----------------------------
-- Records of order_master
-- ----------------------------
INSERT INTO `order_master` VALUES ('1234', '沈帅虎', '13298335921', '汇联路33号', 'shenshuaihu', '2.00', '1', '0', '2018-10-11 14:14:50', '2018-11-07 16:20:18');
INSERT INTO `order_master` VALUES ('1539249092394710269', '沈帅虎', '13298335921', '汇联路33号', 'ew3euwhd7sjw9diwkq', '5.00', '0', '0', '2018-10-11 17:11:32', '2018-10-11 17:11:32');
INSERT INTO `order_master` VALUES ('1539249250647728629', '沈帅虎', '13298335921', '汇联路33号', 'ew3euwhd7sjw9diwkq', '5.00', '0', '0', '2018-10-11 17:14:10', '2018-10-11 17:14:10');
INSERT INTO `order_master` VALUES ('1539249266669174717', '沈帅虎', '13298335921', '汇联路33号', 'ew3euwhd7sjw9diwkq', '5.00', '0', '0', '2018-10-11 17:14:26', '2018-10-11 17:14:26');
INSERT INTO `order_master` VALUES ('1539598766382146052', '沈帅虎', '13298335921', '汇联路33号', 'ew3euwhd7sjw9diwkq', '21.80', '1', '0', '2018-10-15 18:19:27', '2018-11-07 16:21:15');
INSERT INTO `order_master` VALUES ('1539598864160725188', '沈帅虎', '13298335921', '汇联路33号', 'ew3euwhd7sjw9diwkq', '21.86', '1', '0', '2018-10-15 18:21:04', '2018-11-07 16:21:31');
INSERT INTO `order_master` VALUES ('1539613911385905875', '沈帅虎', '13298335921', '汇联路33号', 'ew3euwhd7sjw9diwkq', '21.86', '0', '0', '2018-10-15 22:31:51', '2018-10-15 22:31:51');
INSERT INTO `order_master` VALUES ('1539613918512686565', '沈帅虎', '13298335921', '汇联路33号', 'ew3euwhd7sjw9diwkq', '25.82', '0', '0', '2018-10-15 22:31:58', '2018-10-15 22:31:58');
INSERT INTO `order_master` VALUES ('1539613921976503711', '沈帅虎', '13298335921', '汇联路33号', 'ew3euwhd7sjw9diwkq', '25.82', '0', '0', '2018-10-15 22:32:02', '2018-10-15 22:32:02');
INSERT INTO `order_master` VALUES ('1539672127336409666', '沈帅虎', '13298335921', '汇联路33号', 'ew3euwhd7sjw9diwkq', '76.46', '0', '0', '2018-10-16 14:42:08', '2018-10-16 14:42:08');
INSERT INTO `order_master` VALUES ('1541590932038926775', '沈帅虎', '13298335921', '汇联路33号汉得信息公司', '1539249092394710777', '21.80', '1', '0', '2018-11-07 19:42:12', '2018-11-07 20:25:50');
INSERT INTO `order_master` VALUES ('1541590953928636218', '沈帅虎', '13298335921', '汇联路33号汉得信息公司', '1539249092394710777', '21.80', '0', '0', '2018-11-07 19:42:33', '2018-11-07 19:42:33');
INSERT INTO `order_master` VALUES ('1541662140347961401', '沈帅虎', '13298335921', '汇联路33号汉得信息公司', '1539249092394710777', '21.80', '0', '0', '2018-11-08 15:29:30', '2018-11-08 15:29:30');
INSERT INTO `order_master` VALUES ('1541662176733613445', '沈帅虎', '13298335921', '汇联路33号汉得信息公司', '1539249092394710777', '21.80', '0', '0', '2018-11-08 15:29:36', '2018-11-08 15:29:36');
INSERT INTO `order_master` VALUES ('1541662182114510859', '沈帅虎', '13298335921', '汇联路33号汉得信息公司', '1539249092394710777', '21.80', '0', '0', '2018-11-08 15:29:42', '2018-11-08 15:29:42');
INSERT INTO `order_master` VALUES ('1541662302070566094', '沈帅虎', '13298335921', '汇联路33号汉得信息公司', 'ew3euwhd7sjw9diwkq', '21.80', '0', '0', '2018-11-08 15:31:42', '2018-11-08 15:31:42');
INSERT INTO `order_master` VALUES ('1541663096345783782', '沈帅虎', '13298335921', '汇联路33号汉得信息公司', 'ew3euwhd7sjw9diwkq', '21.80', '0', '0', '2018-11-08 15:44:56', '2018-11-08 15:44:56');
INSERT INTO `order_master` VALUES ('1541663107397291821', '沈帅虎', '13298335921', '汇联路33号汉得信息公司', 'ew3euwhd7sjw9diwkq', '21.80', '0', '0', '2018-11-08 15:45:07', '2018-11-08 15:45:07');
INSERT INTO `order_master` VALUES ('1541663198144262716', '沈帅虎', '13298335921', '汇联路33号汉得信息公司', 'ew3euwhd7sjw9diwkq', '21.80', '0', '0', '2018-11-08 15:46:38', '2018-11-08 15:46:38');
INSERT INTO `order_master` VALUES ('1541663653045361960', '沈帅虎', '13298335921', '汇联路33号汉得信息公司', 'ew3euwhd7sjw9diwkq', '21.80', '0', '0', '2018-11-08 15:54:13', '2018-11-08 15:54:13');
INSERT INTO `order_master` VALUES ('1541664437197674281', '沈帅虎', '13298335921', '汇联路33号汉得信息公司', 'ew3euwhd7sjw9diwkq', '21.80', '0', '0', '2018-11-08 16:07:17', '2018-11-08 16:07:17');
INSERT INTO `order_master` VALUES ('1541664904497548265', '沈帅虎', '13298335921', '汇联路33号汉得信息公司', 'ew3euwhd7sjw9diwkq', '21.80', '0', '0', '2018-11-08 16:15:05', '2018-11-08 16:15:05');
INSERT INTO `order_master` VALUES ('1541665875709889108', '沈帅虎', '13298335921', '汇联路33号汉得信息公司', 'ew3euwhd7sjw9diwkq', '21.80', '0', '0', '2018-11-08 16:31:15', '2018-11-08 16:31:15');
INSERT INTO `order_master` VALUES ('1541665876423669918', '沈帅虎', '13298335921', '汇联路33号汉得信息公司', 'ew3euwhd7sjw9diwkq', '21.80', '0', '0', '2018-11-08 16:31:16', '2018-11-08 16:31:16');
INSERT INTO `order_master` VALUES ('1541665877111368488', '沈帅虎', '13298335921', '汇联路33号汉得信息公司', 'ew3euwhd7sjw9diwkq', '21.80', '0', '0', '2018-11-08 16:31:17', '2018-11-08 16:31:17');
INSERT INTO `order_master` VALUES ('1541665877568674272', '沈帅虎', '13298335921', '汇联路33号汉得信息公司', 'ew3euwhd7sjw9diwkq', '21.80', '0', '0', '2018-11-08 16:31:17', '2018-11-08 16:31:17');
INSERT INTO `order_master` VALUES ('1541665878113327725', '沈帅虎', '13298335921', '汇联路33号汉得信息公司', 'ew3euwhd7sjw9diwkq', '21.80', '0', '0', '2018-11-08 16:31:18', '2018-11-08 16:31:18');
INSERT INTO `order_master` VALUES ('1541665878604588492', '沈帅虎', '13298335921', '汇联路33号汉得信息公司', 'ew3euwhd7sjw9diwkq', '21.80', '0', '0', '2018-11-08 16:31:18', '2018-11-08 16:31:18');
INSERT INTO `order_master` VALUES ('1541665879057414130', '沈帅虎', '13298335921', '汇联路33号汉得信息公司', 'ew3euwhd7sjw9diwkq', '21.80', '0', '0', '2018-11-08 16:31:19', '2018-11-08 16:31:19');
INSERT INTO `order_master` VALUES ('1541665879413118952', '沈帅虎', '13298335921', '汇联路33号汉得信息公司', 'ew3euwhd7sjw9diwkq', '21.80', '0', '0', '2018-11-08 16:31:19', '2018-11-08 16:31:19');
INSERT INTO `order_master` VALUES ('1541665879773650079', '沈帅虎', '13298335921', '汇联路33号汉得信息公司', 'ew3euwhd7sjw9diwkq', '21.80', '0', '0', '2018-11-08 16:31:19', '2018-11-08 16:31:19');
INSERT INTO `order_master` VALUES ('1541665880370488937', '沈帅虎', '13298335921', '汇联路33号汉得信息公司', 'ew3euwhd7sjw9diwkq', '21.80', '0', '0', '2018-11-08 16:31:20', '2018-11-08 16:31:20');
INSERT INTO `order_master` VALUES ('1541665881111604953', '沈帅虎', '13298335921', '汇联路33号汉得信息公司', 'ew3euwhd7sjw9diwkq', '21.80', '0', '0', '2018-11-08 16:31:21', '2018-11-08 16:31:21');
INSERT INTO `order_master` VALUES ('1541665881494375993', '沈帅虎', '13298335921', '汇联路33号汉得信息公司', 'ew3euwhd7sjw9diwkq', '21.80', '0', '0', '2018-11-08 16:31:21', '2018-11-08 16:31:21');
INSERT INTO `order_master` VALUES ('1541665882215554120', '沈帅虎', '13298335921', '汇联路33号汉得信息公司', 'ew3euwhd7sjw9diwkq', '21.80', '0', '0', '2018-11-08 16:31:22', '2018-11-08 16:31:22');
INSERT INTO `order_master` VALUES ('1541665882711745620', '沈帅虎', '13298335921', '汇联路33号汉得信息公司', 'ew3euwhd7sjw9diwkq', '21.80', '0', '0', '2018-11-08 16:31:22', '2018-11-08 16:31:22');
INSERT INTO `order_master` VALUES ('1541665883192964041', '沈帅虎', '13298335921', '汇联路33号汉得信息公司', 'ew3euwhd7sjw9diwkq', '21.80', '0', '0', '2018-11-08 16:31:23', '2018-11-08 16:31:23');
INSERT INTO `order_master` VALUES ('1541665883649416959', '沈帅虎', '13298335921', '汇联路33号汉得信息公司', 'ew3euwhd7sjw9diwkq', '21.80', '0', '0', '2018-11-08 16:31:23', '2018-11-08 16:31:23');
INSERT INTO `order_master` VALUES ('1541665884139951275', '沈帅虎', '13298335921', '汇联路33号汉得信息公司', 'ew3euwhd7sjw9diwkq', '21.80', '0', '0', '2018-11-08 16:31:24', '2018-11-08 16:31:24');
INSERT INTO `order_master` VALUES ('1541665884650843325', '沈帅虎', '13298335921', '汇联路33号汉得信息公司', 'ew3euwhd7sjw9diwkq', '21.80', '0', '0', '2018-11-08 16:31:24', '2018-11-08 16:31:24');
INSERT INTO `order_master` VALUES ('1541665884945545733', '沈帅虎', '13298335921', '汇联路33号汉得信息公司', 'ew3euwhd7sjw9diwkq', '21.80', '0', '0', '2018-11-08 16:31:24', '2018-11-08 16:31:24');
INSERT INTO `order_master` VALUES ('1541665885325131005', '沈帅虎', '13298335921', '汇联路33号汉得信息公司', 'ew3euwhd7sjw9diwkq', '21.80', '0', '0', '2018-11-08 16:31:25', '2018-11-08 16:31:25');
INSERT INTO `order_master` VALUES ('1541665885726459370', '沈帅虎', '13298335921', '汇联路33号汉得信息公司', 'ew3euwhd7sjw9diwkq', '21.80', '0', '0', '2018-11-08 16:31:25', '2018-11-08 16:31:25');
INSERT INTO `order_master` VALUES ('1541665886134253900', '沈帅虎', '13298335921', '汇联路33号汉得信息公司', 'ew3euwhd7sjw9diwkq', '21.80', '0', '0', '2018-11-08 16:31:26', '2018-11-08 16:31:26');
INSERT INTO `order_master` VALUES ('1541665886549169522', '沈帅虎', '13298335921', '汇联路33号汉得信息公司', 'ew3euwhd7sjw9diwkq', '21.80', '0', '0', '2018-11-08 16:31:26', '2018-11-08 16:31:26');
INSERT INTO `order_master` VALUES ('1541665886930870733', '沈帅虎', '13298335921', '汇联路33号汉得信息公司', 'ew3euwhd7sjw9diwkq', '21.80', '0', '0', '2018-11-08 16:31:26', '2018-11-08 16:31:26');
INSERT INTO `order_master` VALUES ('1541665887344765300', '沈帅虎', '13298335921', '汇联路33号汉得信息公司', 'ew3euwhd7sjw9diwkq', '21.80', '0', '0', '2018-11-08 16:31:27', '2018-11-08 16:31:27');
INSERT INTO `order_master` VALUES ('1541665887730696811', '沈帅虎', '13298335921', '汇联路33号汉得信息公司', 'ew3euwhd7sjw9diwkq', '21.80', '0', '0', '2018-11-08 16:31:27', '2018-11-08 16:31:27');
INSERT INTO `order_master` VALUES ('1541665888135694465', '沈帅虎', '13298335921', '汇联路33号汉得信息公司', 'ew3euwhd7sjw9diwkq', '21.80', '0', '0', '2018-11-08 16:31:28', '2018-11-08 16:31:28');
INSERT INTO `order_master` VALUES ('1541665888510311901', '沈帅虎', '13298335921', '汇联路33号汉得信息公司', 'ew3euwhd7sjw9diwkq', '21.80', '0', '0', '2018-11-08 16:31:28', '2018-11-08 16:31:28');
INSERT INTO `order_master` VALUES ('1541665888885834454', '沈帅虎', '13298335921', '汇联路33号汉得信息公司', 'ew3euwhd7sjw9diwkq', '21.80', '0', '0', '2018-11-08 16:31:28', '2018-11-08 16:31:28');
INSERT INTO `order_master` VALUES ('1541665889393345316', '沈帅虎', '13298335921', '汇联路33号汉得信息公司', 'ew3euwhd7sjw9diwkq', '21.80', '0', '0', '2018-11-08 16:31:29', '2018-11-08 16:31:29');
INSERT INTO `order_master` VALUES ('1541665889915814466', '沈帅虎', '13298335921', '汇联路33号汉得信息公司', 'ew3euwhd7sjw9diwkq', '21.80', '0', '0', '2018-11-08 16:31:29', '2018-11-08 16:31:29');
INSERT INTO `order_master` VALUES ('1541665890282950659', '沈帅虎', '13298335921', '汇联路33号汉得信息公司', 'ew3euwhd7sjw9diwkq', '21.80', '0', '0', '2018-11-08 16:31:30', '2018-11-08 16:31:30');
INSERT INTO `order_master` VALUES ('1541667345012464196', '沈帅虎', '13298335921', '汇联路33号汉得信息公司', 'ew3euwhd7sjw9diwkq', '21.80', '0', '0', '2018-11-08 16:55:45', '2018-11-08 16:55:45');

-- ----------------------------
-- Table structure for `product_category`
-- ----------------------------
DROP TABLE IF EXISTS `product_category`;
CREATE TABLE `product_category` (
  `category_id` int(11) NOT NULL AUTO_INCREMENT,
  `category_name` varchar(64) NOT NULL COMMENT '类目名字',
  `category_type` int(11) NOT NULL COMMENT '类目编号',
  `create_time` timestamp NOT NULL DEFAULT CURRENT_TIMESTAMP COMMENT '创建时间',
  `update_time` timestamp NOT NULL DEFAULT CURRENT_TIMESTAMP ON UPDATE CURRENT_TIMESTAMP COMMENT '修改时间',
  PRIMARY KEY (`category_id`),
  UNIQUE KEY `uqe_category_type` (`category_type`)
) ENGINE=InnoDB AUTO_INCREMENT=3 DEFAULT CHARSET=utf8;

-- ----------------------------
-- Records of product_category
-- ----------------------------
INSERT INTO `product_category` VALUES ('1', '热榜', '1', '2017-03-28 16:40:22', '2018-10-10 20:24:40');
INSERT INTO `product_category` VALUES ('2', '好吃的', '2', '2017-03-14 17:38:46', '2018-10-10 20:24:41');

-- ----------------------------
-- Table structure for `product_info`
-- ----------------------------
DROP TABLE IF EXISTS `product_info`;
CREATE TABLE `product_info` (
  `product_id` varchar(32) NOT NULL,
  `product_name` varchar(64) NOT NULL COMMENT '商品名称',
  `product_price` decimal(8,2) NOT NULL COMMENT '单价',
  `product_stock` int(11) NOT NULL COMMENT '库存',
  `product_description` varchar(64) DEFAULT NULL COMMENT '描述',
  `product_icon` varchar(512) DEFAULT NULL COMMENT '小图',
  `product_status` tinyint(3) DEFAULT '0' COMMENT '商品状态,0正常1下架',
  `category_type` int(11) NOT NULL COMMENT '类目编号',
  `create_time` timestamp NOT NULL DEFAULT CURRENT_TIMESTAMP COMMENT '创建时间',
  `update_time` timestamp NOT NULL DEFAULT CURRENT_TIMESTAMP ON UPDATE CURRENT_TIMESTAMP COMMENT '修改时间',
  PRIMARY KEY (`product_id`)
) ENGINE=InnoDB DEFAULT CHARSET=utf8;

-- ----------------------------
-- Records of product_info
-- ----------------------------
INSERT INTO `product_info` VALUES ('157875196366160022', '皮蛋粥', '0.01', '4', '好吃的皮蛋粥', '//fuss10.elemecdn.com/0/49/65d10ef215d3c770ebb2b5ea962a7jpeg.jpeg', '0', '1', '2017-03-28 19:39:15', '2017-07-02 11:45:44');
INSERT INTO `product_info` VALUES ('157875227953464068', '慕斯蛋糕', '10.90', '70', '美味爽口', '//fuss10.elemecdn.com/9/93/91994e8456818dfe7b0bd95f10a50jpeg.jpeg', '1', '1', '2017-03-28 19:35:54', '2017-04-21 10:05:57');
INSERT INTO `product_info` VALUES ('164103465734242707', '蜜汁鸡翅', '0.02', '569', '好吃', '//fuss10.elemecdn.com/7/4a/f307f56216b03f067155aec8b124ejpeg.jpeg', '0', '1', '2017-03-30 17:11:56', '2017-06-24 19:20:54');

-- ----------------------------
-- Table structure for `user_info`
-- ----------------------------
DROP TABLE IF EXISTS `user_info`;
CREATE TABLE `user_info` (
  `id` varchar(32) NOT NULL,
  `username` varchar(32) DEFAULT '',
  `password` varchar(32) DEFAULT '',
  `openid` varchar(64) DEFAULT '' COMMENT '微信openid',
  `role` tinyint(1) NOT NULL COMMENT '1买家2卖家',
  `create_time` timestamp NOT NULL DEFAULT CURRENT_TIMESTAMP COMMENT '创建时间',
  `update_time` timestamp NOT NULL DEFAULT CURRENT_TIMESTAMP ON UPDATE CURRENT_TIMESTAMP COMMENT '修改时间',
  PRIMARY KEY (`id`)
) ENGINE=InnoDB DEFAULT CHARSET=utf8;

-- ----------------------------
-- Records of user_info
-- ----------------------------
INSERT INTO `user_info` VALUES ('111', '', '', 'abc', '1', '2018-11-06 22:50:32', '2018-11-06 22:50:32');
INSERT INTO `user_info` VALUES ('222', '', '', 'xyz', '2', '2018-11-06 22:50:51', '2018-11-06 22:50:51');
